firm_id,sector,sector_label,city,gender,age,is_poor,years_operating,has_fixed_location,has_secondary_activity,rev_weekly_true,owner_hours_weekly,n_family_workers,family_hours_weekly,shadow_wage_per_hour,imputed_labor_weekly,depreciation_weekly,own_consumption_weekly,tool_value,inventory_init,receivables_init,payables_init,cash_initial,has_debt_true,debt_type,debt_amount,monthly_interest_rate,weekly_installment,eh_nonresponder,eh_yi_tot,eh_yi_net,eh_ci_tot,eh_ci1,eh_ci2,eh_ci3,eh_ci4,eh_ci5,eh_ci6,eh_ci7,eh_ci8
F001,comercio,Comercio y reparaciones,Santa Cruz,M,25,False,3,True,False,1502.92,56.2,0,0.0,12.06,91.18,101.91,37.32,26497.0,1231.42,398.49,411.87,2193.48,True,IFD/cooperativa,3169.13,0.0206,69.44,False,72800,33750,39100,35100,2400,1300,0,300,0,0,0
F002,comercio,Comercio y reparaciones,Tarija,F,39,False,13,True,False,906.76,50.9,0,0.0,18.45,126.46,55.56,14.93,14445.52,629.88,270.58,180.02,581.84,True,prestamista_informal,2132.88,0.1325,84.17,True,0,0,0,0,0,0,0,0,0,0,0
F003,comercio,Comercio y reparaciones,La Paz,F,34,True,10,True,False,3244.43,46.6,0,0.0,12.85,80.6,257.01,62.39,66822.78,2384.35,654.76,730.21,3197.32,False,ninguno,0.0,0.0,0.0,True,0,0,0,0,0,0,0,0,0,0,0
F004,comercio,Comercio y reparaciones,Santa Cruz,F,55,True,1,True,False,2467.36,58.5,2,61.3,15.12,243.85,106.02,96.97,27564.45,2455.2,890.87,841.76,2110.48,False,ninguno,0.0,0.0,0.0,False,104000,39950,67000,51850,3400,2150,6950,550,0,850,1250
F005,comercio,Comercio y reparaciones,Cochabamba,F,61,False,13,True,False,2950.49,47.4,1,37.8,12.03,138.17,284.24,125.82,73901.36,2628.28,340.08,676.03,3720.75,True,prestamista_informal,10850.57,0.1114,388.63,False,130000,35600,96100,79050,3600,2500,8700,800,0,0,1450
F006,comercio,Comercio y reparaciones,La Paz,F,48,False,4,True,False,4116.82,51.0,0,0.0,12.12,83.19,460.0,172.46,119600.3,3230.51,1275.1,758.95,3398.37,True,prestamista_informal,6867.17,0.0864,217.5,False,182000,35500,147250,109950,6600,3750,12800,1450,10800,0,1900
F007,comercio,Comercio y reparaciones,Cochabamba,F,25,False,17,True,False,1281.54,60.1,1,22.9,19.09,213.39,87.05,42.25,22634.08,1322.71,400.5,51.2,1384.25,False,ninguno,0.0,0.0,0.0,False,52000,22600,30500,27850,1450,0,0,350,0,250,600
F008,comercio,Comercio y reparaciones,Tarija,M,49,True,12,True,False,2134.0,57.8,0,0.0,13.13,102.13,249.02,73.47,64745.13,2117.56,34.27,149.55,3150.3,True,proveedor,5213.27,0.0247,117.13,True,0,0,0,0,0,0,0,0,0,0,0
F009,comercio,Comercio y reparaciones,La Paz,F,19,False,3,True,False,1412.4,55.2,0,0.0,18.65,138.52,75.36,29.58,19594.34,1500.84,259.07,411.87,1403.39,False,ninguno,0.0,0.0,0.0,False,67600,30250,37600,29800,2000,1300,3800,300,0,400,0
F010,comercio,Comercio y reparaciones,Santa Cruz,F,18,True,5,True,False,1522.75,57.3,2,70.3,15.4,264.62,125.27,38.43,32569.72,1236.77,137.41,247.8,1600.73,False,ninguno,0.0,0.0,0.0,False,72800,24350,49850,40150,2600,1450,4600,500,0,0,550
F011,comercio,Comercio y reparaciones,Santa Cruz,F,37,False,4,True,True,751.87,61.4,2,66.8,16.68,287.85,24.49,17.89,6368.25,742.06,257.61,96.68,803.8,True,IFD/cooperativa,3107.63,0.0186,67.3,True,0,0,0,0,0,0,0,0,0,0,0
F012,comercio,Comercio y reparaciones,Tarija,M,29,False,4,True,False,3830.61,52.9,1,24.3,18.33,190.47,184.62,47.78,48001.64,3062.12,601.52,85.79,2219.54,False,ninguno,0.0,0.0,0.0,False,182000,68650,112300,90200,4200,3850,11300,1150,0,0,1600
F013,comercio,Comercio y reparaciones,Santa Cruz,M,44,False,7,True,False,1843.27,54.5,0,0.0,14.17,103.98,263.06,76.08,68395.73,1600.19,626.91,190.75,1948.33,False,ninguno,0.0,0.0,0.0,True,0,0,0,0,0,0,0,0,0,0,0
F014,comercio,Comercio y reparaciones,La Paz,F,47,False,2,False,False,915.62,55.9,3,115.0,17.31,398.35,29.0,36.26,7539.31,654.78,257.49,145.24,400.06,False,ninguno,0.0,0.0,0.0,False,41600,13500,27700,22600,1600,0,2550,300,0,200,450
F015,comercio,Comercio y reparaciones,Tarija,F,47,False,4,True,False,3711.71,56.8,5,126.1,16.0,394.01,367.96,145.94,95668.37,3617.13,1372.89,1041.39,1133.56,True,IFD/cooperativa,1390.3,0.0161,29.64,False,156000,50850,108550,84950,6300,3250,11300,1250,0,0,1500
F016,comercio,Comercio y reparaciones,Santa Cruz,F,23,False,10,True,True,5537.67,57.3,1,37.5,14.98,190.97,372.38,85.47,96818.28,4316.23,303.07,868.45,4089.31,False,ninguno,0.0,0.0,0.0,False,260000,116300,152050,124450,7450,0,16650,1200,0,0,2300
F017,comercio,Comercio y reparaciones,La Paz,M,44,False,5,True,False,979.56,58.7,2,77.8,16.43,301.98,69.02,37.11,17945.32,641.07,342.58,63.55,1354.8,False,ninguno,0.0,0.0,0.0,True,0,0,0,0,0,0,0,0,0,0,0
F018,comercio,Comercio y reparaciones,La Paz,F,35,False,4,True,False,1698.88,46.7,0,0.0,14.06,88.41,59.77,22.08,15539.64,1788.23,70.0,25.71,1933.04,True,familiar,2536.0,0.0,48.81,True,0,0,0,0,0,0,0,0,0,0,0
F019,comercio,Comercio y reparaciones,La Paz,F,49,True,8,True,False,1915.74,59.5,1,25.4,14.84,169.55,178.76,64.27,46478.36,1570.53,255.25,237.09,1099.45,False,ninguno,0.0,0.0,0.0,False,78000,24700,50850,44650,3000,1600,0,300,0,400,900
F020,comercio,Comercio y reparaciones,Cochabamba,F,42,False,2,True,False,4857.07,53.3,2,71.3,13.52,226.58,246.74,181.53,64151.12,4663.29,1662.07,415.0,4958.49,False,ninguno,0.0,0.0,0.0,True,0,0,0,0,0,0,0,0,0,0,0
F021,comercio,Comercio y reparaciones,Santa Cruz,F,19,True,1,True,False,1448.29,55.5,0,0.0,12.09,90.33,173.83,49.06,45195.14,1344.02,427.87,149.19,735.05,False,ninguno,0.0,0.0,0.0,False,57200,23250,33900,29150,2550,1250,0,400,0,0,550
F022,comercio,Comercio y reparaciones,Tarija,M,39,False,7,False,False,3322.93,52.7,1,35.3,15.17,179.71,459.64,81.29,119507.4,2336.23,811.82,452.62,1371.99,True,proveedor,7757.34,0.0495,201.56,True,0,0,0,0,0,0,0,0,0,0,0
F023,comercio,Comercio y reparaciones,Santa Cruz,F,35,False,1,True,False,1060.67,57.9,3,111.8,17.99,411.1,93.97,39.6,24431.17,997.65,372.66,132.36,445.31,False,ninguno,0.0,0.0,0.0,False,41600,7650,33550,28650,1400,0,3250,250,0,0,0
F024,comercio,Comercio y reparaciones,Tarija,M,51,False,2,True,False,2224.49,49.8,0,0.0,17.08,114.58,104.34,89.14,27128.7,1463.98,609.12,173.95,1409.74,False,ninguno,0.0,0.0,0.0,True,0,0,0,0,0,0,0,0,0,0,0
F025,comercio,Comercio y reparaciones,Tarija,F,44,True,3,True,False,2797.31,61.3,0,0.0,12.04,99.39,310.72,58.88,80788.09,2301.56,123.86,203.35,2695.15,True,proveedor,5190.16,0.0495,134.84,False,130000,49350,82700,66850,3250,2400,8550,850,0,800,0
F026,comercio,Comercio y reparaciones,Tarija,M,38,True,1,True,False,1998.23,54.5,1,23.9,18.6,196.32,269.66,80.54,70112.35,1331.51,330.56,209.65,2463.47,True,familiar,12870.48,0.0,247.7,False,88400,24000,60400,47650,2700,1700,6200,700,0,650,800
F027,comercio,Comercio y reparaciones,La Paz,M,46,False,6,True,False,2236.85,53.5,0,0.0,18.44,132.81,215.26,49.81,55966.88,1499.1,884.55,429.35,805.55,False,ninguno,0.0,0.0,0.0,False,104000,32500,70300,56800,3600,2300,6400,350,0,0,850
F028,comercio,Comercio y reparaciones,La Paz,F,43,False,18,False,False,1153.01,61.3,1,33.2,17.83,226.84,138.53,14.21,36017.44,929.03,304.37,195.0,968.02,False,ninguno,0.0,0.0,0.0,False,57200,22700,33950,27450,1750,1200,3250,300,0,0,0
F029,comercio,Comercio y reparaciones,Santa Cruz,F,32,False,2,True,False,2670.32,46.2,1,35.0,17.95,196.29,123.51,51.11,32112.85,1663.35,712.97,381.63,2941.15,False,ninguno,0.0,0.0,0.0,True,0,0,0,0,0,0,0,0,0,0,0
F030,comercio,Comercio y reparaciones,La Paz,F,44,False,4,False,False,2646.03,51.1,3,84.6,18.07,330.09,309.84,82.39,80557.19,2776.21,645.7,247.88,2203.43,False,ninguno,0.0,0.0,0.0,False,104000,34900,70300,63300,3700,2400,0,900,0,0,0
F031,comercio,Comercio y reparaciones,Cochabamba,M,24,False,2,True,False,2082.04,51.3,2,69.9,11.86,193.48,138.2,49.7,35932.3,1468.08,488.0,210.66,3119.58,True,prestamista_informal,3868.36,0.0508,101.22,True,0,0,0,0,0,0,0,0,0,0,0
F032,comercio,Comercio y reparaciones,Cochabamba,F,58,False,1,True,False,1783.47,54.8,2,77.7,19.09,340.61,228.45,50.01,59395.95,1268.87,631.24,294.64,738.78,True,IFD/cooperativa,1564.73,0.0192,34.01,False,78000,32350,47200,41600,2400,1750,0,600,0,0,850
F033,comercio,Comercio y reparaciones,La Paz,M,41,True,1,True,False,1600.94,59.2,0,0.0,12.11,96.58,154.45,63.09,40156.15,978.05,33.82,0.18,2061.61,True,IFD/cooperativa,4648.42,0.0215,102.46,False,62400,18450,41450,36550,2500,1600,0,400,0,400,0
F034,comercio,Comercio y reparaciones,Santa Cruz,F,53,True,7,True,False,3162.0,61.7,1,25.0,16.28,189.94,150.69,64.95,39179.57,2848.97,567.55,391.79,3736.44,False,ninguno,0.0,0.0,0.0,False,156000,59800,95600,79350,3350,3050,9100,750,0,0,0
F035,comercio,Comercio y reparaciones,Santa Cruz,F,25,False,11,True,False,1277.54,48.7,2,75.7,11.4,190.8,49.7,23.12,12921.72,738.45,108.48,231.19,1281.28,False,ninguno,0.0,0.0,0.0,False,52000,21850,30200,26500,1500,1100,0,300,0,300,500
F036,comercio,Comercio y reparaciones,Santa Cruz,M,18,False,1,False,False,759.95,54.4,1,28.2,13.56,150.86,81.33,32.15,21146.57,484.75,259.11,127.97,754.05,False,ninguno,0.0,0.0,0.0,True,0,0,0,0,0,0,0,0,0,0,0
F037,comercio,Comercio y reparaciones,Santa Cruz,F,18,False,2,True,False,2280.57,52.9,3,80.8,14.6,262.73,234.3,67.83,60918.83,1461.59,292.9,98.84,1948.02,True,prestamista_informal,16379.4,0.0909,530.58,False,98800,36950,64650,51300,3000,2000,6800,450,0,0,1100
F038,comercio,Comercio y reparaciones,La Paz,M,58,True,4,True,False,2335.2,46.3,3,63.3,17.35,255.99,238.26,51.17,61946.41,1353.91,36.0,322.43,3163.06,False,ninguno,0.0,0.0,0.0,False,98800,39500,56950,49450,3750,2200,0,800,0,750,0
F039,comercio,Comercio y reparaciones,Tarija,M,37,False,4,False,False,462.17,53.4,1,33.0,13.99,162.82,37.98,14.52,9873.78,293.99,146.92,86.2,160.89,True,prestamista_informal,9057.97,0.102,310.1,False,18200,6850,11700,9700,550,0,1300,150,0,0,0
F040,comercio,Comercio y reparaciones,La Paz,F,70,False,11,False,False,1279.07,46.6,1,37.3,11.28,127.25,107.22,53.57,27876.62,761.39,273.52,264.77,1669.15,False,ninguno,0.0,0.0,0.0,True,0,0,0,0,0,0,0,0,0,0,0
F041,comercio,Comercio y reparaciones,La Paz,F,34,False,13,True,False,1691.74,57.4,4,141.3,15.37,411.17,144.71,48.95,37625.1,1029.83,655.55,111.97,2332.41,True,prestamista_informal,7742.29,0.1367,311.38,False,72800,21050,48300,39400,2250,1550,4550,550,0,0,0
F042,comercio,Comercio y reparaciones,La Paz,F,48,False,3,True,False,2591.39,56.0,0,0.0,17.46,131.72,391.4,81.34,101764.44,1799.72,50.91,96.75,3464.6,True,familiar,3488.4,0.0,67.14,True,0,0,0,0,0,0,0,0,0,0,0
F043,comercio,Comercio y reparaciones,La Paz,F,52,False,3,True,False,1723.99,52.9,0,0.0,16.82,119.85,167.73,28.57,43608.77,1151.61,221.18,263.28,2454.97,False,ninguno,0.0,0.0,0.0,True,0,0,0,0,0,0,0,0,0,0,0
F044,comercio,Comercio y reparaciones,La Paz,F,35,False,16,True,False,3429.88,46.7,3,66.3,17.64,268.25,283.58,111.09,73730.39,2094.21,813.51,167.09,4246.56,False,ninguno,0.0,0.0,0.0,False,156000,49100,105100,84150,4450,3350,10650,850,0,0,1650
F045,comercio,Comercio y reparaciones,Santa Cruz,M,54,True,6,True,False,603.06,60.2,2,54.9,14.82,229.65,84.96,9.57,22090.17,429.64,26.71,143.76,378.79,True,IFD/cooperativa,23408.13,0.0203,512.12,True,0,0,0,0,0,0,0,0,0,0,0
F046,comercio,Comercio y reparaciones,La Paz,M,27,True,5,True,False,1067.23,58.1,1,23.4,14.5,158.96,139.9,22.41,36373.84,853.12,350.29,71.89,793.09,True,prestamista_informal,7447.31,0.0741,221.29,False,52000,18050,30850,25150,1600,0,3350,350,0,0,400
F047,comercio,Comercio y reparaciones,Tarija,F,44,False,12,True,False,1059.18,60.0,2,51.7,15.87,238.63,46.75,44.46,12156.2,729.73,335.97,216.54,755.8,False,ninguno,0.0,0.0,0.0,True,0,0,0,0,0,0,0,0,0,0,0
F048,comercio,Comercio y reparaciones,Cochabamba,F,34,True,2,True,False,950.26,59.1,0,0.0,13.17,104.77,108.92,40.7,28320.02,639.05,66.69,181.61,586.8,True,IFD/cooperativa,4081.54,0.0218,90.11,False,41600,9850,30300,24300,1500,950,2600,250,0,250,450
F049,comercio,Comercio y reparaciones,Santa Cruz,M,52,False,6,True,False,1525.21,52.6,2,68.3,17.08,277.92,136.93,21.7,35600.51,1531.46,391.83,370.06,1314.55,False,ninguno,0.0,0.0,0.0,True,0,0,0,0,0,0,0,0,0,0,0
F050,comercio,Comercio y reparaciones,Cochabamba,F,38,False,19,True,True,2235.54,48.5,2,75.0,17.87,297.26,144.21,87.18,37495.2,1572.91,120.75,519.58,1281.4,True,prestamista_informal,64016.17,0.0535,1701.25,False,104000,47850,57850,46800,3600,0,6700,750,0,0,0
F051,comercio,Comercio y reparaciones,La Paz,F,41,True,22,True,False,3516.83,56.9,1,35.3,18.77,232.96,279.23,122.46,72598.76,3400.81,1284.56,293.67,4928.59,False,ninguno,0.0,0.0,0.0,True,0,0,0,0,0,0,0,0,0,0,0
F052,comercio,Comercio y reparaciones,La Paz,F,32,False,1,False,False,1929.66,50.8,2,65.7,17.7,277.52,126.84,22.78,32977.15,1866.86,295.46,640.32,1088.69,False,ninguno,0.0,0.0,0.0,False,83200,35050,49400,39400,2500,0,5150,700,0,700,950
F053,comercio,Comercio y reparaciones,Santa Cruz,F,35,False,2,False,False,788.97,54.5,1,32.5,12.56,147.15,26.92,31.8,6998.06,829.97,224.07,184.62,1005.23,False,ninguno,0.0,0.0,0.0,False,31200,5200,25200,21300,1350,0,2200,150,0,200,0
F054,comercio,Comercio y reparaciones,La Paz,F,29,True,5,True,False,2001.68,53.1,1,24.1,17.43,181.12,217.02,39.24,56425.6,2030.05,511.2,370.98,969.29,False,ninguno,0.0,0.0,0.0,False,83200,19250,62350,49900,3350,2000,5600,600,0,0,900
F055,comercio,Comercio y reparaciones,La Paz,F,28,False,3,True,False,1053.0,57.9,0,0.0,17.7,138.04,119.85,30.55,31160.45,963.9,31.2,150.75,1276.77,True,IFD/cooperativa,2054.19,0.0194,44.7,False,46800,13500,34400,28050,1450,1000,3150,300,0,0,450
F056,comercio,Comercio y reparaciones,La Paz,F,21,True,1,True,False,2219.08,51.2,2,50.3,18.32,250.31,278.37,61.04,72377.04,2087.19,28.54,416.38,2679.12,True,IFD/cooperativa,3538.66,0.0213,77.88,False,93600,35300,54400,49000,2700,2100,0,600,0,0,0
F057,comercio,Comercio y reparaciones,La Paz,M,51,False,19,False,False,1228.65,55.0,2,69.0,13.64,227.59,174.83,26.92,45454.5,1195.15,132.27,134.21,556.18,False,ninguno,0.0,0.0,0.0,False,52000,15250,34200,26600,1950,1050,3450,350,0,250,550
F058,comercio,Comercio y reparaciones,La Paz,F,48,False,7,False,False,3984.73,54.8,0,0.0,12.57,92.73,516.3,130.62,134237.84,4062.67,17.56,253.96,4661.26,False,ninguno,0.0,0.0,0.0,False,182000,71750,110450,88350,5550,3500,10650,1200,0,1200,0
F059,comercio,Comercio y reparaciones,Cochabamba,M,53,False,12,False,False,1074.48,61.0,0,0.0,18.48,151.63,65.54,45.57,17039.24,643.14,96.1,102.4,337.88,True,familiar,3889.35,0.0,74.85,False,52000,14350,35500,28950,1550,1100,3150,250,0,0,500
F060,comercio,Comercio y reparaciones,Santa Cruz,M,40,False,5,True,False,1428.38,61.2,1,36.5,14.0,184.08,172.83,55.86,44936.89,1085.78,99.88,83.45,842.8,False,ninguno,0.0,0.0,0.0,False,57200,12300,43850,35650,2500,1200,4250,250,0,0,0
F061,comercio,Comercio y reparaciones,La Paz,M,28,False,2,False,False,1038.76,48.2,1,30.4,13.2,139.57,115.16,12.52,29942.59,659.47,367.76,112.93,1077.46,True,prestamista_informal,4647.26,0.0787,141.43,False,41600,12450,27350,20900,1250,950,3150,300,0,350,450
F062,comercio,Comercio y reparaciones,Santa Cruz,M,52,True,8,True,False,2358.07,61.9,0,0.0,14.61,121.76,301.12,91.51,78292.03,2099.9,876.41,721.0,1623.96,True,prestamista_informal,3249.46,0.0836,101.46,False,104000,40150,60100,49400,2550,0,6550,400,0,0,1200
F063,comercio,Comercio y reparaciones,Cochabamba,M,47,False,9,False,False,2142.37,48.8,1,27.4,13.76,141.25,205.86,74.24,53523.18,2272.8,159.81,239.76,1842.04,True,IFD/cooperativa,6218.75,0.0218,137.31,False,98800,39800,59050,46150,3650,1800,6200,450,0,800,0
F064,comercio,Comercio y reparaciones,Tarija,M,61,False,1,True,True,2343.18,50.2,0,0.0,11.8,79.69,225.88,44.35,58729.34,1559.54,574.65,7.71,1473.12,False,ninguno,0.0,0.0,0.0,True,0,0,0,0,0,0,0,0,0,0,0
F065,comercio,Comercio y reparaciones,La Paz,F,45,False,1,True,False,1065.27,51.0,4,139.2,17.51,448.3,131.98,22.56,34315.21,1137.65,395.65,200.77,1507.45,False,ninguno,0.0,0.0,0.0,False,52000,22200,28950,22050,1600,1050,3200,350,0,300,400
F066,comercio,Comercio y reparaciones,Cochabamba,F,41,False,1,False,False,2153.07,55.1,2,76.9,17.33,307.9,179.13,92.43,46573.17,1592.76,432.78,232.88,2811.4,True,IFD/cooperativa,5526.43,0.0185,119.59,False,88400,13200,73950,55700,3150,2200,5850,650,5450,0,950
F067,comercio,Comercio y reparaciones,Santa Cruz,F,43,False,1,True,False,2287.06,47.7,3,87.4,14.32,260.5,235.78,39.5,61302.96,2133.69,404.95,116.72,3151.68,True,familiar,16712.44,0.0,321.64,False,88400,32700,53700,46400,3450,2200,0,700,0,0,950
F068,comercio,Comercio y reparaciones,La Paz,F,29,True,3,True,False,2106.98,61.6,3,86.2,16.62,330.58,115.91,91.78,30135.51,1489.93,528.39,202.41,1791.04,True,prestamista_informal,3609.88,0.1088,127.65,False,83200,16900,63500,53500,2950,0,6450,600,0,0,0
F069,comercio,Comercio y reparaciones,La Paz,F,44,False,3,True,False,1107.78,58.3,0,0.0,13.3,104.36,80.31,47.72,20880.2,1025.66,90.55,33.59,1273.74,False,ninguno,0.0,0.0,0.0,True,0,0,0,0,0,0,0,0,0,0,0
F070,comercio,Comercio y reparaciones,Santa Cruz,F,32,False,1,False,False,3509.84,60.4,1,27.9,12.39,147.38,517.89,79.39,134651.51,3341.26,662.15,568.4,2263.74,True,prestamista_informal,2113.64,0.1098,75.12,False,156000,39900,113750,93350,3750,3200,9450,1250,0,1150,1600
F071,comercio,Comercio y reparaciones,Cochabamba,F,45,False,15,False,True,6215.91,50.6,1,36.5,17.75,208.06,625.6,86.62,162657.05,3802.42,423.48,92.01,2041.97,False,ninguno,0.0,0.0,0.0,False,260000,85350,176000,159800,8700,6450,0,1050,0,0,0
F072,comercio,Comercio y reparaciones,Santa Cruz,F,67,False,5,False,False,2391.58,59.6,0,0.0,12.14,97.47,169.81,26.99,44150.44,1742.78,239.97,222.67,853.08,True,prestamista_informal,891.4,0.1194,33.14,False,93600,18900,74700,60650,2600,2350,6750,650,0,600,1100
F073,comercio,Comercio y reparaciones,Cochabamba,M,26,False,4,False,False,2082.29,52.7,2,50.5,15.23,211.49,140.29,27.53,36475.9,1542.45,776.23,368.13,2952.18,False,ninguno,0.0,0.0,0.0,True,0,0,0,0,0,0,0,0,0,0,0
F074,comercio,Comercio y reparaciones,Tarija,F,18,False,1,True,False,1345.76,51.1,4,138.4,19.07,486.72,146.03,21.93,37966.64,1281.68,445.82,322.24,730.59,False,ninguno,0.0,0.0,0.0,False,62400,27050,34900,27400,1800,1300,4000,400,0,0,0
F075,comercio,Comercio y reparaciones,La Paz,F,36,True,14,True,False,1463.62,55.5,1,29.0,17.98,204.64,61.32,51.04,15943.26,1274.34,129.82,327.38,1351.95,False,ninguno,0.0,0.0,0.0,True,0,0,0,0,0,0,0,0,0,0,0
F076,comercio,Comercio y reparaciones,La Paz,F,34,False,4,True,True,4918.53,58.9,0,0.0,15.89,126.0,215.36,209.78,55992.56,3664.11,1604.88,491.61,3849.07,False,ninguno,0.0,0.0,0.0,False,208000,94550,120800,105900,8050,4150,0,1600,0,1100,0
F077,comercio,Comercio y reparaciones,Santa Cruz,F,33,False,2,False,False,719.66,49.4,0,0.0,15.52,103.17,42.76,16.66,11116.82,713.64,41.98,56.62,756.64,False,ninguno,0.0,0.0,0.0,True,0,0,0,0,0,0,0,0,0,0,0
F078,comercio,Comercio y reparaciones,Santa Cruz,M,41,False,21,True,False,2149.33,52.0,0,0.0,15.08,105.59,248.79,59.62,64685.78,1258.77,823.7,258.0,1771.88,False,ninguno,0.0,0.0,0.0,True,0,0,0,0,0,0,0,0,0,0,0
F079,comercio,Comercio y reparaciones,La Paz,F,32,False,1,False,False,1302.89,53.4,0,0.0,15.96,114.78,127.21,43.5,33075.02,1074.42,335.49,357.25,1558.36,True,IFD/cooperativa,15775.71,0.0176,339.51,False,57200,24700,33100,26450,1450,1350,3450,400,0,0,0
F080,comercio,Comercio y reparaciones,Tarija,F,38,False,5,True,False,5101.36,47.9,2,56.6,18.62,262.12,279.16,216.15,72582.63,2955.87,908.57,345.91,4047.64,True,proveedor,14714.81,0.0396,361.21,False,234000,95000,130500,103300,5850,4500,15100,1750,0,0,0
F081,comercio,Comercio y reparaciones,La Paz,F,58,False,3,True,False,1973.86,47.2,3,86.1,14.71,264.11,293.86,35.34,76402.47,1363.0,735.72,272.5,2541.39,True,prestamista_informal,8156.29,0.0741,242.41,False,93600,40500,54500,47650,3300,2000,0,600,0,0,950
F082,comercio,Comercio y reparaciones,Cochabamba,M,18,False,2,False,False,1457.56,59.0,1,31.3,14.73,179.1,195.66,45.58,50872.12,1127.85,229.76,97.1,1219.58,False,ninguno,0.0,0.0,0.0,False,67600,23700,41850,34400,2000,0,4350,450,0,0,650
F083,comercio,Comercio y reparaciones,Santa Cruz,F,40,False,1,True,False,1161.02,60.0,2,71.2,16.72,295.34,90.21,30.72,23454.8,1173.78,458.35,359.41,1591.74,True,IFD/cooperativa,15457.82,0.0189,335.36,True,0,0,0,0,0,0,0,0,0,0,0
F084,comercio,Comercio y reparaciones,Tarija,M,18,True,2,False,False,1260.19,59.0,1,24.0,16.97,189.63,116.82,46.5,30372.75,1345.86,6.12,262.13,584.72,False,ninguno,0.0,0.0,0.0,False,46800,10500,34750,27900,1800,1100,3600,350,0,0,0
F085,comercio,Comercio y reparaciones,Cochabamba,F,52,False,8,True,False,898.18,59.5,0,0.0,18.13,145.11,48.27,33.52,12550.47,739.68,11.83,58.33,1206.82,False,ninguno,0.0,0.0,0.0,False,41600,18550,24700,22150,1550,800,0,200,0,0,0
F086,comercio,Comercio y reparaciones,Santa Cruz,M,49,False,5,True,False,1072.67,57.1,3,108.1,11.52,256.36,118.63,37.99,30844.67,892.41,111.45,42.24,1594.13,True,prestamista_informal,2290.3,0.0717,67.19,False,46800,14850,30200,24200,1650,0,3350,200,0,300,500
F087,comercio,Comercio y reparaciones,Cochabamba,F,28,False,1,True,False,1574.52,50.6,1,38.2,18.93,226.26,156.71,55.72,40744.77,1129.49,375.82,171.81,1351.34,False,ninguno,0.0,0.0,0.0,False,72800,27500,44100,34000,2150,1600,4700,450,0,450,750
F088,comercio,Comercio y reparaciones,La Paz,F,47,True,2,True,False,2349.3,51.1,3,103.4,14.66,304.79,294.21,57.97,76493.9,1794.52,357.32,270.9,2185.65,False,ninguno,0.0,0.0,0.0,True,0,0,0,0,0,0,0,0,0,0,0
F089,comercio,Comercio y reparaciones,Cochabamba,F,29,False,29,True,False,2038.46,54.5,0,0.0,12.23,89.71,218.64,28.72,56845.99,1639.09,16.52,143.16,1956.13,True,IFD/cooperativa,3335.93,0.019,72.41,False,83200,31650,48050,41150,3500,1750,0,600,0,0,1050
F090,comercio,Comercio y reparaciones,Santa Cruz,F,47,False,3,False,False,3565.62,55.1,1,30.6,16.42,189.44,276.09,92.91,71783.02,3204.22,1380.47,64.6,1732.83,False,ninguno,0.0,0.0,0.0,False,130000,18400,110450,89450,6300,3100,10600,1000,0,0,0
F091,manufactura,Industria manufacturera,Santa Cruz,M,59,True,6,False,False,2237.49,47.7,1,17.4,14.33,125.55,18.12,0.0,4711.52,1513.39,218.94,5.93,1542.27,False,ninguno,0.0,0.0,0.0,False,104000,53350,53150,38650,2700,4550,5400,1250,0,600,0
F092,manufactura,Industria manufacturera,La Paz,F,41,False,3,True,False,2574.45,55.3,3,45.6,15.87,215.48,12.1,0.0,3144.88,1876.76,483.1,427.5,977.32,True,familiar,14645.54,0.0,281.86,True,0,0,0,0,0,0,0,0,0,0,0
F093,manufactura,Industria manufacturera,Santa Cruz,F,33,False,7,True,False,2715.75,45.7,2,45.9,11.6,143.09,30.76,0.0,7998.06,2404.42,711.65,176.8,3338.48,False,ninguno,0.0,0.0,0.0,True,0,0,0,0,0,0,0,0,0,0,0
F094,manufactura,Industria manufacturera,Cochabamba,M,39,True,3,False,False,4118.58,49.1,0,0.0,13.09,86.55,39.46,0.0,10260.4,4703.42,150.84,536.93,5484.37,True,prestamista_informal,4304.63,0.1071,151.0,True,0,0,0,0,0,0,0,0,0,0,0
F095,manufactura,Industria manufacturera,La Paz,F,21,True,5,True,False,1562.63,58.0,0,0.0,16.22,126.67,25.62,0.0,6660.15,1304.87,577.72,349.25,1936.73,True,familiar,2944.47,0.0,56.67,False,72800,36200,37750,27000,1400,3000,3700,1600,0,450,600
F096,manufactura,Industria manufacturera,La Paz,F,49,False,3,False,False,635.58,47.4,1,25.0,18.07,176.17,20.42,0.0,5308.05,610.1,154.78,57.08,889.35,True,proveedor,40346.59,0.0295,933.24,False,26000,13550,12600,10600,500,1150,0,350,0,0,0
F097,manufactura,Industria manufacturera,La Paz,F,54,False,6,False,False,1730.19,46.7,1,19.5,12.47,111.08,16.61,0.0,4317.87,1703.34,312.33,377.04,919.78,True,IFD/cooperativa,3754.84,0.0177,80.86,True,0,0,0,0,0,0,0,0,0,0,0
F098,manufactura,Industria manufacturera,Santa Cruz,M,35,False,2,True,False,1320.72,45.2,3,72.9,12.41,197.35,29.47,0.0,7661.28,1433.32,30.02,389.74,397.52,True,IFD/cooperativa,7003.51,0.025,157.64,True,0,0,0,0,0,0,0,0,0,0,0
F099,manufactura,Industria manufacturera,Cochabamba,F,43,True,1,True,False,1204.6,55.0,0,0.0,12.45,92.16,13.85,0.0,3602.05,1386.2,68.7,346.86,472.16,False,ninguno,0.0,0.0,0.0,False,57200,23100,31950,24750,1600,2000,3050,550,0,0,0
F100,manufactura,Industria manufacturera,La Paz,F,55,True,15,True,False,2530.48,54.3,1,15.1,12.17,113.78,39.96,0.0,10390.86,1860.71,27.18,360.42,3588.62,False,ninguno,0.0,0.0,0.0,False,130000,63450,66400,51050,3250,4200,5650,1350,0,900,0
F101,manufactura,Industria manufacturera,La Paz,M,38,True,3,True,False,1257.98,54.8,0,0.0,16.21,119.52,41.94,0.0,10903.22,1308.75,350.0,63.67,1107.29,False,ninguno,0.0,0.0,0.0,True,0,0,0,0,0,0,0,0,0,0,0
F102,manufactura,Industria manufacturera,Cochabamba,F,40,True,10,True,False,2214.44,57.9,2,34.5,14.91,185.51,18.45,0.0,4797.6,2469.22,498.66,794.36,763.48,True,prestamista_informal,2103.22,0.1302,82.15,True,0,0,0,0,0,0,0,0,0,0,0
F103,manufactura,Industria manufacturera,Tarija,M,24,True,11,True,False,1036.97,46.4,3,67.3,17.62,269.74,12.4,0.0,3223.36,781.0,78.3,208.68,912.7,False,ninguno,0.0,0.0,0.0,True,0,0,0,0,0,0,0,0,0,0,0
F104,manufactura,Industria manufacturera,Santa Cruz,M,44,True,2,True,False,1150.41,59.3,2,28.6,18.62,220.37,25.5,0.0,6629.89,986.33,41.49,149.61,785.74,True,prestamista_informal,1889.77,0.0987,63.65,False,52000,29000,23950,19150,950,2200,0,1200,0,0,450
F105,manufactura,Industria manufacturera,Cochabamba,F,44,True,5,False,False,1945.81,47.7,1,14.3,12.9,107.62,12.48,0.0,3245.21,2115.7,316.39,628.51,1439.95,False,ninguno,0.0,0.0,0.0,False,93600,46450,47050,35200,2050,3900,4400,1500,0,0,0
F106,manufactura,Industria manufacturera,Cochabamba,F,18,True,1,False,False,2818.47,49.2,1,21.2,13.48,127.65,17.25,0.0,4485.13,2628.86,541.83,623.78,1962.73,False,ninguno,0.0,0.0,0.0,False,104000,27950,73700,53450,3550,5700,6400,2050,0,1100,1450
F107,manufactura,Industria manufacturera,Cochabamba,M,49,False,7,True,True,1224.0,44.6,2,30.6,16.57,167.95,37.78,0.0,9823.82,948.6,67.71,231.95,1318.93,False,ninguno,0.0,0.0,0.0,False,57200,21600,33400,25850,1300,2300,2750,700,0,0,500
F108,manufactura,Industria manufacturera,Cochabamba,M,61,True,15,True,False,666.32,58.6,2,51.6,12.94,192.02,30.42,0.0,7909.04,475.26,140.9,14.37,260.62,False,ninguno,0.0,0.0,0.0,True,0,0,0,0,0,0,0,0,0,0,0
F109,manufactura,Industria manufacturera,La Paz,F,43,False,1,False,True,2125.43,44.7,4,94.0,14.6,272.74,26.83,0.0,6975.04,1725.43,577.33,456.88,2651.41,True,familiar,1574.34,0.0,30.3,False,98800,49300,47350,38550,2000,0,5050,1750,0,0,0
F110,manufactura,Industria manufacturera,Santa Cruz,M,50,False,4,True,False,2974.5,47.5,1,14.0,17.91,148.27,13.21,0.0,3434.51,2998.26,892.03,709.8,3069.77,False,ninguno,0.0,0.0,0.0,False,130000,56250,73300,61900,2950,0,7050,1400,0,0,0
F111,manufactura,Industria manufacturera,Santa Cruz,M,47,False,21,True,False,2550.06,50.1,1,15.3,12.17,107.18,57.46,0.0,14938.5,2871.9,770.5,612.58,3328.18,True,proveedor,3288.93,0.0233,73.28,True,0,0,0,0,0,0,0,0,0,0,0
F112,manufactura,Industria manufacturera,Santa Cruz,M,64,True,3,False,False,3794.06,47.7,1,19.8,19.07,173.24,30.08,0.0,7820.47,3012.24,1348.86,573.63,1659.27,False,ninguno,0.0,0.0,0.0,False,182000,95000,84650,69800,4050,7550,0,3250,0,0,0
F113,manufactura,Industria manufacturera,Cochabamba,F,56,False,2,False,False,3027.08,55.8,0,0.0,17.18,129.08,30.57,0.0,7948.14,3152.56,170.06,338.8,3785.15,True,familiar,4473.07,0.0,86.09,False,156000,88050,75900,63750,3000,6000,0,2050,0,0,1100
F114,manufactura,Industria manufacturera,Cochabamba,M,37,False,6,True,False,1537.22,49.3,3,55.2,12.22,171.81,37.98,0.0,9874.08,1745.04,2.46,87.46,1052.53,True,IFD/cooperativa,2628.83,0.0216,57.96,False,62400,21350,40000,29250,1900,2900,3950,1350,0,650,0
F115,manufactura,Industria manufacturera,Santa Cruz,F,20,False,10,True,False,1371.11,49.7,1,24.3,13.34,132.86,33.11,0.0,8609.89,1467.84,96.78,26.61,757.17,False,ninguno,0.0,0.0,0.0,True,0,0,0,0,0,0,0,0,0,0,0
F116,manufactura,Industria manufacturera,La Paz,F,40,True,1,True,False,516.31,53.7,0,0.0,13.74,99.38,29.25,0.0,7605.47,514.71,49.66,75.63,644.77,True,familiar,6038.66,0.0,116.22,True,0,0,0,0,0,0,0,0,0,0,0
F117,manufactura,Industria manufacturera,Santa Cruz,F,70,True,2,False,False,1134.96,50.1,0,0.0,15.82,106.81,57.22,0.0,14877.5,772.97,157.99,257.63,466.14,False,ninguno,0.0,0.0,0.0,False,46800,17650,27900,20600,900,2100,2900,950,0,0,450
F118,manufactura,Industria manufacturera,Cochabamba,F,53,False,10,False,False,5291.3,51.6,2,38.4,17.62,213.36,15.79,0.0,4104.88,5711.84,1545.62,1602.92,6662.94,False,ninguno,0.0,0.0,0.0,True,0,0,0,0,0,0,0,0,0,0,0
F119,manufactura,Industria manufacturera,Santa Cruz,M,37,False,9,True,False,3707.88,52.2,0,0.0,16.78,117.82,56.32,0.0,14642.69,2846.58,1074.89,792.85,2225.49,True,IFD/cooperativa,10293.91,0.0236,229.75,True,0,0,0,0,0,0,0,0,0,0,0
F120,manufactura,Industria manufacturera,Cochabamba,F,22,False,8,False,False,828.86,49.3,0,0.0,12.94,85.91,28.46,0.0,7400.87,646.68,307.62,37.36,306.76,False,ninguno,0.0,0.0,0.0,False,36400,13300,21100,16800,950,0,2150,800,0,0,400
F121,manufactura,Industria manufacturera,La Paz,M,56,True,9,False,False,1051.84,47.7,1,15.8,15.51,132.59,14.64,0.0,3806.77,1208.06,53.8,147.57,1139.88,False,ninguno,0.0,0.0,0.0,False,46800,24000,24650,18900,850,1900,2400,600,0,0,0
F122,manufactura,Industria manufacturera,La Paz,M,57,True,4,False,False,2318.81,54.0,1,22.7,15.37,158.62,30.26,0.0,7866.93,1811.24,636.12,533.1,1449.0,False,ninguno,0.0,0.0,0.0,False,104000,43650,60800,44450,2600,4300,5400,2100,0,850,1100
F123,manufactura,Industria manufacturera,La Paz,M,38,False,11,True,False,2016.46,51.0,1,19.6,11.14,105.98,20.62,0.0,5362.49,1732.07,223.99,222.33,2240.47,True,IFD/cooperativa,14980.44,0.023,333.29,False,83200,11650,69550,39700,1850,3750,4750,1100,17350,0,1050
F124,manufactura,Industria manufacturera,Cochabamba,M,49,False,15,False,False,1439.07,52.2,2,35.5,14.18,167.47,14.7,0.0,3820.75,1628.48,146.65,81.2,662.25,False,ninguno,0.0,0.0,0.0,True,0,0,0,0,0,0,0,0,0,0,0
F125,manufactura,Industria manufacturera,Santa Cruz,M,54,False,8,True,False,1534.74,54.5,1,24.4,13.74,145.96,62.68,0.0,16296.24,1390.64,291.31,421.23,2160.2,True,familiar,4746.62,0.0,91.35,False,67600,28000,39950,32600,1300,0,3700,1200,0,500,650
F126,manufactura,Industria manufacturera,Santa Cruz,F,48,True,5,True,False,713.17,53.5,2,37.5,13.49,165.2,27.76,0.0,7217.09,530.08,26.0,162.47,324.97,True,proveedor,7858.3,0.0221,173.8,True,0,0,0,0,0,0,0,0,0,0,0
F127,manufactura,Industria manufacturera,Cochabamba,F,36,False,5,True,False,1925.81,54.4,0,0.0,14.52,106.26,31.1,0.0,8085.3,1755.99,151.74,46.93,1920.99,True,IFD/cooperativa,3015.46,0.0199,65.83,True,0,0,0,0,0,0,0,0,0,0,0
F128,manufactura,Industria manufacturera,Santa Cruz,F,24,False,8,True,False,2332.53,48.0,1,19.9,12.16,111.13,11.34,0.0,2949.27,1487.29,88.85,235.91,1152.03,True,prestamista_informal,2364.3,0.1352,94.44,True,0,0,0,0,0,0,0,0,0,0,0
F129,manufactura,Industria manufacturera,Santa Cruz,M,27,True,11,True,False,1604.92,54.5,2,36.5,16.15,197.97,40.89,0.0,10631.34,1636.19,142.32,110.75,1533.29,True,familiar,10608.51,0.0,204.17,True,0,0,0,0,0,0,0,0,0,0,0
F130,manufactura,Industria manufacturera,Cochabamba,M,56,True,5,True,False,1541.45,52.7,3,76.3,14.14,245.71,17.63,0.0,4584.0,1371.13,160.19,115.89,1942.38,True,familiar,12879.33,0.0,247.87,False,62400,23800,37500,30550,1300,0,3600,1600,0,450,0
F131,manufactura,Industria manufacturera,Santa Cruz,F,36,False,21,True,False,987.3,58.6,2,32.3,11.74,143.57,14.15,0.0,3678.27,768.19,288.0,83.25,1202.31,False,ninguno,0.0,0.0,0.0,True,0,0,0,0,0,0,0,0,0,0,0
F132,manufactura,Industria manufacturera,La Paz,F,67,False,3,True,False,1327.22,49.2,3,51.6,15.73,213.62,34.23,0.0,8900.9,1237.3,162.36,392.96,1776.11,True,familiar,10022.12,0.0,192.88,False,62400,26850,36400,27950,1700,2750,3000,1000,0,0,0
F133,manufactura,Industria manufacturera,Santa Cruz,F,42,False,1,True,False,1563.66,55.0,1,17.0,15.31,148.33,15.47,0.0,4022.52,1656.99,244.24,306.78,1291.01,True,prestamista_informal,5951.64,0.0531,157.82,False,62400,17650,43850,33900,1300,2750,3800,1550,0,0,550
F134,manufactura,Industria manufacturera,La Paz,M,31,False,10,False,False,1259.57,46.2,3,45.7,12.01,148.58,48.76,0.0,12678.67,1464.08,329.5,460.58,483.09,False,ninguno,0.0,0.0,0.0,True,0,0,0,0,0,0,0,0,0,0,0
F135,manufactura,Industria manufacturera,La Paz,M,46,False,3,True,False,2227.81,45.2,1,22.4,13.83,125.75,17.14,0.0,4455.86,1526.67,182.73,430.8,1869.64,True,familiar,16372.44,0.0,315.1,False,93600,38300,55350,45350,1800,0,5500,1050,0,550,1100
F136,manufactura,Industria manufacturera,Cochabamba,M,28,True,1,True,True,3620.39,54.4,3,67.8,13.06,215.04,15.08,0.0,3920.08,2616.86,556.54,795.14,4798.43,False,ninguno,0.0,0.0,0.0,True,0,0,0,0,0,0,0,0,0,0,0
F137,manufactura,Industria manufacturera,Cochabamba,F,57,False,1,False,True,2088.31,56.9,3,71.0,17.97,309.52,12.63,0.0,3284.92,1630.27,801.22,506.51,1156.76,True,familiar,2194.07,0.0,42.23,True,0,0,0,0,0,0,0,0,0,0,0
F138,manufactura,Industria manufacturera,La Paz,F,69,True,3,True,False,2001.31,56.8,1,21.1,15.27,160.15,21.52,0.0,5594.94,1494.68,795.95,316.37,2252.83,True,IFD/cooperativa,9140.0,0.0209,200.71,False,98800,45800,44950,36900,1550,3800,0,1700,0,0,1000
F139,manufactura,Industria manufacturera,Tarija,M,61,False,4,True,False,4175.02,58.9,0,0.0,14.79,117.18,161.84,0.0,42078.03,2763.08,336.59,532.83,5462.18,True,familiar,28687.61,0.0,552.11,True,0,0,0,0,0,0,0,0,0,0,0
F140,manufactura,Industria manufacturera,Tarija,M,41,False,1,True,True,818.78,57.2,0,0.0,11.47,88.29,14.75,0.0,3835.28,935.71,250.89,287.27,890.13,False,ninguno,0.0,0.0,0.0,False,36400,15200,19250,15750,950,1550,0,750,0,250,0
F141,manufactura,Industria manufacturera,La Paz,F,38,True,1,True,False,837.7,49.2,0,0.0,14.77,97.8,73.36,0.0,19073.23,616.07,300.33,5.65,1097.74,False,ninguno,0.0,0.0,0.0,True,0,0,0,0,0,0,0,0,0,0,0
F142,manufactura,Industria manufacturera,Cochabamba,M,32,False,21,True,False,2036.69,48.5,1,25.0,13.98,138.34,11.02,0.0,2866.16,1766.04,146.92,467.61,2749.59,True,familiar,4550.42,0.0,87.58,True,0,0,0,0,0,0,0,0,0,0,0
F143,manufactura,Industria manufacturera,La Paz,M,41,True,13,True,True,1984.97,47.8,1,16.2,12.04,103.74,25.97,0.0,6751.72,1797.9,242.13,113.46,1159.69,False,ninguno,0.0,0.0,0.0,False,83200,38200,47750,39200,2150,0,4550,1300,0,550,0
F144,manufactura,Industria manufacturera,La Paz,M,35,False,5,True,False,1970.81,50.8,1,25.6,12.34,126.92,7.56,0.0,1964.38,1936.99,520.65,357.94,949.08,True,prestamista_informal,6091.61,0.1325,240.37,False,98800,48800,48200,35000,2500,3800,4400,1750,0,750,0
F145,manufactura,Industria manufacturera,Santa Cruz,M,64,True,4,False,False,2111.75,45.9,0,0.0,13.84,85.44,39.38,0.0,10239.06,1938.92,443.4,577.12,1847.16,False,ninguno,0.0,0.0,0.0,False,98800,48900,48850,34800,2150,3900,4750,1550,0,750,950
F146,transporte,Transporte y almacenamiento,La Paz,M,39,True,9,False,False,1184.12,64.0,0,0.0,12.83,110.58,73.46,0.0,19098.63,0.0,0.0,0.0,1137.84,True,proveedor,7331.16,0.0367,177.0,True,0,0,0,0,0,0,0,0,0,0,0
F147,transporte,Transporte y almacenamiento,Cochabamba,M,21,False,8,True,False,1738.69,68.6,0,0.0,16.85,155.68,245.36,0.0,63794.25,0.0,0.0,0.0,1113.65,True,prestamista_informal,11178.09,0.0775,338.11,False,67600,41000,28700,22000,0,2550,1750,300,0,0,2100
F148,transporte,Transporte y almacenamiento,Tarija,M,54,False,5,True,False,2138.03,52.4,0,0.0,11.53,81.34,134.01,0.0,34843.03,0.0,0.0,0.0,2380.66,True,prestamista_informal,42657.43,0.1321,1680.85,False,104000,68250,28250,27000,0,0,0,600,0,650,0
F149,transporte,Transporte y almacenamiento,Cochabamba,M,32,False,3,False,False,1706.77,62.7,0,0.0,13.54,114.37,96.53,0.0,25096.87,0.0,0.0,0.0,2267.6,False,ninguno,0.0,0.0,0.0,True,0,0,0,0,0,0,0,0,0,0,0
F150,transporte,Transporte y almacenamiento,La Paz,M,28,False,4,True,False,1878.53,62.5,1,5.4,17.86,163.16,119.97,0.0,31193.44,0.0,0.0,0.0,1309.53,True,prestamista_informal,3032.97,0.1439,125.85,True,0,0,0,0,0,0,0,0,0,0,0
F151,transporte,Transporte y almacenamiento,Cochabamba,M,38,False,7,True,False,1203.55,59.5,0,0.0,13.14,105.32,256.07,0.0,66577.43,0.0,0.0,0.0,1797.82,True,IFD/cooperativa,25195.46,0.015,533.5,True,0,0,0,0,0,0,0,0,0,0,0
F152,transporte,Transporte y almacenamiento,Tarija,M,47,False,1,True,False,611.92,67.5,0,0.0,11.59,105.3,148.79,0.0,38684.2,0.0,0.0,0.0,608.93,True,IFD/cooperativa,12951.65,0.0219,286.08,False,26000,14250,9850,8200,0,800,550,150,0,150,0
F153,transporte,Transporte y almacenamiento,Cochabamba,M,46,False,7,True,False,2672.14,55.4,0,0.0,17.9,133.51,52.5,0.0,13649.2,0.0,0.0,0.0,2084.12,True,familiar,8143.78,0.0,156.73,True,0,0,0,0,0,0,0,0,0,0,0
F154,transporte,Transporte y almacenamiento,La Paz,M,47,False,4,True,False,855.98,65.3,0,0.0,15.92,139.88,119.09,0.0,30962.23,0.0,0.0,0.0,1182.47,True,prestamista_informal,20489.47,0.0846,643.09,True,0,0,0,0,0,0,0,0,0,0,0
F155,transporte,Transporte y almacenamiento,Cochabamba,M,40,False,5,False,False,1470.09,58.4,0,0.0,18.41,144.65,64.22,0.0,16697.53,0.0,0.0,0.0,1046.58,True,prestamista_informal,2189.34,0.1105,78.07,False,67600,43250,24550,18650,0,1900,1450,300,0,350,1900
F156,transporte,Transporte y almacenamiento,Cochabamba,M,44,True,6,False,False,525.18,60.0,0,0.0,18.45,149.12,96.98,0.0,25214.86,0.0,0.0,0.0,477.28,True,IFD/cooperativa,20044.51,0.0243,449.44,True,0,0,0,0,0,0,0,0,0,0,0
F157,transporte,Transporte y almacenamiento,Cochabamba,M,46,True,27,True,False,1606.58,62.8,0,0.0,19.07,161.24,73.42,0.0,19088.72,0.0,0.0,0.0,2248.5,True,prestamista_informal,3373.13,0.0776,102.07,False,78000,46500,26150,18250,0,0,1450,400,4150,0,1900
F158,transporte,Transporte y almacenamiento,Tarija,M,33,False,3,False,False,1226.28,58.4,0,0.0,14.48,113.74,54.81,0.0,14250.86,0.0,0.0,0.0,1219.93,False,ninguno,0.0,0.0,0.0,False,52000,29650,19750,16700,0,1550,1150,350,0,0,0
F159,transporte,Transporte y almacenamiento,Cochabamba,M,36,False,2,True,False,1844.49,65.9,0,0.0,11.0,97.53,91.09,0.0,23684.2,0.0,0.0,0.0,825.53,True,familiar,2712.4,0.0,52.2,False,78000,51750,28800,20650,0,2550,1700,550,0,700,2650
F160,transporte,Transporte y almacenamiento,Cochabamba,M,50,False,9,True,False,1394.64,55.9,0,0.0,16.33,122.84,125.55,0.0,32642.43,0.0,0.0,0.0,611.3,False,ninguno,0.0,0.0,0.0,True,0,0,0,0,0,0,0,0,0,0,0
F161,transporte,Transporte y almacenamiento,Tarija,M,23,False,15,False,False,1243.18,61.7,0,0.0,13.69,113.82,246.49,0.0,64087.08,0.0,0.0,0.0,1655.7,True,prestamista_informal,3589.54,0.065,101.59,True,0,0,0,0,0,0,0,0,0,0,0
F162,transporte,Transporte y almacenamiento,Cochabamba,M,63,False,8,False,False,1909.71,56.2,0,0.0,18.1,136.9,223.47,0.0,58102.64,0.0,0.0,0.0,2200.36,True,proveedor,1907.07,0.035,45.57,False,78000,49700,29150,24200,0,2450,1850,650,0,0,0
F163,transporte,Transporte y almacenamiento,Cochabamba,M,45,False,3,False,False,1521.62,62.3,0,0.0,12.96,108.78,97.66,0.0,25391.49,0.0,0.0,0.0,1608.71,True,prestamista_informal,29335.78,0.1258,1123.14,True,0,0,0,0,0,0,0,0,0,0,0
F164,transporte,Transporte y almacenamiento,Santa Cruz,M,24,True,1,True,False,1216.65,61.7,0,0.0,16.27,135.2,89.51,0.0,23272.78,0.0,0.0,0.0,1374.03,False,ninguno,0.0,0.0,0.0,False,52000,29850,21300,16750,0,1600,1250,300,0,0,1400
F165,transporte,Transporte y almacenamiento,La Paz,M,51,True,1,True,False,1894.62,59.4,0,0.0,17.55,140.29,137.5,0.0,35751.11,0.0,0.0,0.0,2646.41,True,familiar,4784.43,0.0,92.08,True,0,0,0,0,0,0,0,0,0,0,0
F166,transporte,Transporte y almacenamiento,Cochabamba,M,30,False,2,False,False,1126.25,55.0,0,0.0,14.77,109.37,614.63,0.0,159804.06,0.0,0.0,0.0,815.21,True,prestamista_informal,2104.73,0.1095,74.71,True,0,0,0,0,0,0,0,0,0,0,0
F167,transporte,Transporte y almacenamiento,Santa Cruz,M,37,True,5,True,False,1358.1,54.5,0,0.0,15.05,110.54,414.32,0.0,107722.05,0.0,0.0,0.0,1200.63,True,prestamista_informal,15100.55,0.1226,569.86,False,67600,48800,21700,18000,0,0,1350,400,0,450,1500
F168,transporte,Transporte y almacenamiento,La Paz,M,55,False,10,True,False,849.48,69.0,0,0.0,17.71,164.42,164.71,0.0,42824.05,0.0,0.0,0.0,417.04,True,prestamista_informal,4271.22,0.0746,127.24,True,0,0,0,0,0,0,0,0,0,0,0
F169,transporte,Transporte y almacenamiento,Cochabamba,M,47,True,2,True,False,1218.32,53.6,1,5.4,13.84,109.84,41.72,0.0,10848.0,0.0,0.0,0.0,769.37,True,IFD/cooperativa,2557.34,0.018,55.17,True,0,0,0,0,0,0,0,0,0,0,0
F170,transporte,Transporte y almacenamiento,La Paz,M,19,False,1,False,False,3085.24,54.1,0,0.0,14.32,104.36,30.32,0.0,7882.9,0.0,0.0,0.0,1116.53,False,ninguno,0.0,0.0,0.0,True,0,0,0,0,0,0,0,0,0,0,0
F171,transporte,Transporte y almacenamiento,Santa Cruz,M,37,False,1,True,False,1439.22,61.0,0,0.0,16.18,132.82,270.98,0.0,70454.67,0.0,0.0,0.0,1861.65,False,ninguno,0.0,0.0,0.0,False,62400,39100,18600,14800,0,2150,1350,300,0,0,0
F172,transporte,Transporte y almacenamiento,La Paz,M,32,False,6,True,False,2205.43,60.9,0,0.0,14.51,119.01,234.04,0.0,60849.5,0.0,0.0,0.0,1227.5,True,prestamista_informal,2690.21,0.1054,93.62,False,93600,59700,33350,23900,0,3100,2250,350,3750,0,0
F173,transporte,Transporte y almacenamiento,La Paz,M,28,False,5,False,True,626.62,52.6,0,0.0,12.69,89.81,119.91,0.0,31176.41,0.0,0.0,0.0,235.18,False,ninguno,0.0,0.0,0.0,False,26000,15650,9400,8650,0,0,550,200,0,0,0
F174,transporte,Transporte y almacenamiento,La Paz,M,28,False,14,False,False,2162.4,60.5,0,0.0,14.06,114.52,150.0,0.0,39000.19,0.0,0.0,0.0,657.04,True,IFD/cooperativa,3078.71,0.02,67.25,True,0,0,0,0,0,0,0,0,0,0,0
F175,transporte,Transporte y almacenamiento,Cochabamba,M,45,False,10,True,False,2069.9,66.8,1,4.5,17.07,164.06,318.76,0.0,82878.13,0.0,0.0,0.0,1969.41,False,ninguno,0.0,0.0,0.0,True,0,0,0,0,0,0,0,0,0,0,0
F176,transporte,Transporte y almacenamiento,Santa Cruz,M,42,True,1,True,False,1946.62,59.1,0,0.0,11.22,89.23,68.04,0.0,17689.34,0.0,0.0,0.0,1268.06,True,familiar,1711.07,0.0,32.93,True,0,0,0,0,0,0,0,0,0,0,0
F177,transporte,Transporte y almacenamiento,Cochabamba,M,60,True,9,False,False,1460.2,63.8,0,0.0,12.42,106.68,76.1,0.0,19786.53,0.0,0.0,0.0,626.76,True,prestamista_informal,4122.99,0.0905,133.31,False,57200,31850,22400,16450,0,1950,1400,400,0,550,1650
F178,transporte,Transporte y almacenamiento,Cochabamba,M,24,False,2,False,False,1369.92,56.9,1,5.0,18.74,156.05,186.96,0.0,48608.74,0.0,0.0,0.0,1849.79,True,prestamista_informal,8358.07,0.055,223.94,False,57200,29950,23100,17750,0,2000,1250,500,0,0,1600
F179,transporte,Transporte y almacenamiento,Tarija,M,18,False,3,True,False,2160.06,61.5,1,4.3,11.67,103.33,225.27,0.0,58570.01,0.0,0.0,0.0,2084.07,False,ninguno,0.0,0.0,0.0,False,93600,63600,30600,22100,0,3350,2000,450,0,0,2700
F180,transporte,Transporte y almacenamiento,Santa Cruz,M,44,True,5,False,False,2471.55,51.7,0,0.0,12.11,84.33,142.1,0.0,36946.07,0.0,0.0,0.0,2527.73,False,ninguno,0.0,0.0,0.0,False,104000,70200,34950,32100,0,0,2300,550,0,0,0
F181,transporte,Transporte y almacenamiento,Cochabamba,M,31,False,2,True,False,2065.18,64.5,0,0.0,12.58,109.17,259.16,0.0,67381.01,0.0,0.0,0.0,2882.7,False,ninguno,0.0,0.0,0.0,False,93600,55000,30350,27850,0,0,2000,500,0,0,0
F182,transporte,Transporte y almacenamiento,Santa Cruz,M,51,False,12,False,False,1999.16,55.6,0,0.0,12.68,94.91,283.83,0.0,73796.7,0.0,0.0,0.0,2588.6,True,familiar,84048.43,0.0,1617.56,False,93600,63000,27050,21750,0,3000,1800,500,0,0,0
F183,transporte,Transporte y almacenamiento,Santa Cruz,M,31,False,6,True,False,2228.7,54.6,0,0.0,12.11,89.04,204.71,0.0,53223.9,0.0,0.0,0.0,2146.91,False,ninguno,0.0,0.0,0.0,True,0,0,0,0,0,0,0,0,0,0,0
F184,transporte,Transporte y almacenamiento,La Paz,M,44,False,6,False,False,1108.98,57.9,0,0.0,17.34,135.19,259.45,0.0,67457.16,0.0,0.0,0.0,340.8,True,prestamista_informal,8438.04,0.0853,265.79,False,52000,31450,16000,14600,0,0,1100,300,0,0,0
F185,transporte,Transporte y almacenamiento,Cochabamba,M,38,False,2,True,False,2201.73,55.9,1,5.1,14.56,119.49,344.38,0.0,89539.15,0.0,0.0,0.0,675.97,False,ninguno,0.0,0.0,0.0,False,88400,52400,37750,29900,0,2850,2150,350,0,0,2500
F186,transporte,Transporte y almacenamiento,La Paz,M,43,False,4,True,False,769.95,54.7,0,0.0,11.96,88.13,84.47,0.0,21961.76,0.0,0.0,0.0,424.64,False,ninguno,0.0,0.0,0.0,False,36400,24100,9200,7900,0,1050,0,250,0,0,0
F187,transporte,Transporte y almacenamiento,Santa Cruz,M,44,False,2,True,False,1268.3,56.5,0,0.0,13.0,98.86,135.66,0.0,35270.9,0.0,0.0,0.0,641.06,False,ninguno,0.0,0.0,0.0,True,0,0,0,0,0,0,0,0,0,0,0
F188,transporte,Transporte y almacenamiento,Cochabamba,M,37,False,2,True,False,2142.62,54.2,0,0.0,12.1,88.24,84.53,0.0,21978.76,0.0,0.0,0.0,2108.83,True,prestamista_informal,7757.85,0.1481,327.86,True,0,0,0,0,0,0,0,0,0,0,0
F189,transporte,Transporte y almacenamiento,La Paz,M,48,False,2,False,False,2280.3,61.9,0,0.0,10.92,91.01,311.75,0.0,81054.9,0.0,0.0,0.0,3315.97,True,familiar,10400.74,0.0,200.17,False,104000,67700,37350,27800,0,3550,2250,550,0,500,2700
F190,transporte,Transporte y almacenamiento,Santa Cruz,M,32,False,3,True,True,2152.78,53.8,0,0.0,18.1,131.14,46.81,0.0,12170.72,0.0,0.0,0.0,1028.25,True,IFD/cooperativa,2289.35,0.0216,50.49,True,0,0,0,0,0,0,0,0,0,0,0
F191,transporte,Transporte y almacenamiento,Santa Cruz,M,21,False,12,False,False,2375.46,63.9,1,4.4,14.92,137.11,117.44,0.0,30535.11,0.0,0.0,0.0,2462.06,False,ninguno,0.0,0.0,0.0,False,104000,75750,33500,24300,0,3450,2450,650,0,0,2650
F192,transporte,Transporte y almacenamiento,La Paz,M,44,False,3,True,False,1133.09,56.2,0,0.0,16.04,121.28,252.15,0.0,65559.93,0.0,0.0,0.0,648.36,False,ninguno,0.0,0.0,0.0,False,52000,38950,14650,11850,0,1500,1100,200,0,0,0
F193,transporte,Transporte y almacenamiento,La Paz,M,31,False,6,True,False,717.6,58.0,0,0.0,17.32,135.37,80.17,0.0,20844.73,0.0,0.0,0.0,538.68,True,IFD/cooperativa,2574.83,0.0206,56.45,True,0,0,0,0,0,0,0,0,0,0,0
F194,transporte,Transporte y almacenamiento,Santa Cruz,M,36,False,6,False,False,2482.44,64.4,0,0.0,11.04,95.73,67.48,0.0,17544.62,0.0,0.0,0.0,2318.7,True,familiar,9640.32,0.0,185.53,True,0,0,0,0,0,0,0,0,0,0,0
F195,transporte,Transporte y almacenamiento,Cochabamba,M,45,False,5,True,False,1128.22,64.6,0,0.0,18.01,156.56,201.06,0.0,52275.29,0.0,0.0,0.0,843.48,True,prestamista_informal,6316.97,0.1078,222.36,False,46800,21700,23300,11550,0,1500,0,300,9950,0,0
F196,transporte,Transporte y almacenamiento,Cochabamba,M,31,False,1,True,False,2412.21,62.1,0,0.0,15.41,128.84,123.83,0.0,32196.74,0.0,0.0,0.0,3569.12,True,familiar,11619.41,0.0,223.62,True,0,0,0,0,0,0,0,0,0,0,0
F197,transporte,Transporte y almacenamiento,Santa Cruz,M,28,False,1,False,False,1613.39,65.4,1,4.5,18.33,172.38,234.44,0.0,60954.68,0.0,0.0,0.0,1062.36,False,ninguno,0.0,0.0,0.0,False,72800,48000,26950,21700,0,2500,1600,550,0,600,0
F198,transporte,Transporte y almacenamiento,Santa Cruz,M,32,True,4,True,False,2503.9,53.6,0,0.0,12.87,92.82,102.67,0.0,26694.75,0.0,0.0,0.0,910.9,True,prestamista_informal,5193.22,0.1109,185.57,False,130000,81650,40350,34000,0,3450,2350,550,0,0,0
F199,transporte,Transporte y almacenamiento,Santa Cruz,M,48,True,13,True,False,812.12,59.4,1,5.7,18.1,158.61,462.7,0.0,120301.08,0.0,0.0,0.0,1037.56,False,ninguno,0.0,0.0,0.0,False,36400,23600,11550,10300,0,1050,0,200,0,0,0
F200,transporte,Transporte y almacenamiento,Santa Cruz,M,44,False,5,True,False,1227.27,63.9,0,0.0,17.41,149.71,91.46,0.0,23778.89,0.0,0.0,0.0,810.36,True,prestamista_informal,5791.5,0.1179,213.83,True,0,0,0,0,0,0,0,0,0,0,0
F201,gastronomia,Alojamiento y gastronomía,Santa Cruz,F,20,False,1,False,False,2932.87,70.7,2,76.4,15.41,305.13,147.42,31.76,38330.43,410.94,0.0,35.69,3955.83,False,ninguno,0.0,0.0,0.0,False,130000,74000,62650,50850,2800,4200,0,4150,0,650,0
F202,gastronomia,Alojamiento y gastronomía,Santa Cruz,F,35,True,16,True,False,1993.91,55.8,3,125.6,16.76,409.39,187.42,23.2,48729.16,259.44,0.0,22.92,1065.09,False,ninguno,0.0,0.0,0.0,True,0,0,0,0,0,0,0,0,0,0,0
F203,gastronomia,Alojamiento y gastronomía,Santa Cruz,F,19,True,2,True,False,2261.49,60.3,0,0.0,17.81,144.61,267.9,23.83,69653.59,247.51,0.0,26.99,3301.26,True,prestamista_informal,11657.14,0.0542,310.99,False,104000,39550,64800,34900,2700,3400,7650,3000,12000,0,1150
F204,gastronomia,Alojamiento y gastronomía,La Paz,F,54,True,1,False,False,1865.48,70.4,2,49.4,17.02,274.49,119.98,29.88,31194.97,201.79,0.0,41.99,1816.59,False,ninguno,0.0,0.0,0.0,False,88400,41050,47900,37450,1500,0,6000,1550,0,600,800
F205,gastronomia,Alojamiento y gastronomía,La Paz,F,37,False,11,True,False,1077.13,56.1,2,52.2,16.38,238.75,68.17,17.43,17723.24,99.65,0.0,23.28,341.8,True,prestamista_informal,8341.55,0.0958,276.94,False,46800,21850,26800,20550,1000,0,3500,1400,0,350,0
F206,gastronomia,Alojamiento y gastronomía,Cochabamba,F,34,False,3,True,False,1619.91,62.4,0,0.0,14.0,117.61,157.35,52.39,40911.35,244.2,0.0,28.76,1425.38,False,ninguno,0.0,0.0,0.0,False,78000,34050,39700,32800,1750,2300,0,2100,0,0,750
F207,gastronomia,Alojamiento y gastronomía,Tarija,F,56,False,10,True,False,3871.75,57.6,0,0.0,12.19,94.52,481.32,112.85,125143.6,547.33,0.0,1.94,4617.53,False,ninguno,0.0,0.0,0.0,False,182000,93350,85150,62000,4900,0,13800,2800,0,0,1650
F208,gastronomia,Alojamiento y gastronomía,Cochabamba,F,41,False,21,False,False,2084.63,62.9,0,0.0,13.09,110.83,120.61,43.89,31359.68,250.98,0.0,39.82,1705.68,True,familiar,4305.45,0.0,82.86,False,88400,45050,40100,32200,1650,2950,0,2400,0,0,900
F209,gastronomia,Alojamiento y gastronomía,Cochabamba,F,29,True,2,False,False,2391.41,65.5,2,85.0,12.48,252.7,88.4,22.08,22984.03,213.25,0.0,13.66,2360.91,False,ninguno,0.0,0.0,0.0,True,0,0,0,0,0,0,0,0,0,0,0
F210,gastronomia,Alojamiento y gastronomía,La Paz,F,19,True,1,False,False,1111.42,62.6,0,0.0,15.31,128.91,50.13,27.21,13034.06,149.81,0.0,31.83,519.62,False,ninguno,0.0,0.0,0.0,True,0,0,0,0,0,0,0,0,0,0,0
F211,gastronomia,Alojamiento y gastronomía,Cochabamba,F,24,False,3,True,True,3692.84,57.8,1,25.7,13.89,156.14,386.47,94.94,100483.33,349.39,0.0,46.79,2622.09,True,familiar,20157.95,0.0,387.95,True,0,0,0,0,0,0,0,0,0,0,0
F212,gastronomia,Alojamiento y gastronomía,La Paz,F,39,True,16,True,False,1759.32,57.1,4,175.1,16.91,528.7,125.41,50.45,32607.51,188.01,0.0,62.97,2049.88,True,prestamista_informal,4355.74,0.0657,123.74,True,0,0,0,0,0,0,0,0,0,0,0
F213,gastronomia,Alojamiento y gastronomía,La Paz,F,50,False,1,True,False,1121.47,72.6,3,117.5,18.94,484.71,129.65,21.42,33710.04,146.55,0.0,17.5,864.26,False,ninguno,0.0,0.0,0.0,False,57200,28400,29600,21450,1100,1550,3500,1450,0,0,550
F214,gastronomia,Alojamiento y gastronomía,La Paz,F,50,False,4,True,False,2372.03,58.1,3,108.7,12.43,279.23,214.86,28.72,55863.78,217.13,0.0,31.58,2639.66,False,ninguno,0.0,0.0,0.0,True,0,0,0,0,0,0,0,0,0,0,0
F215,gastronomia,Alojamiento y gastronomía,Santa Cruz,F,46,True,5,True,False,1894.82,63.9,1,27.6,15.08,185.73,182.69,21.33,47500.19,266.77,0.0,18.25,1672.47,False,ninguno,0.0,0.0,0.0,False,83200,37550,47750,38350,2000,0,6100,1300,0,0,0
F216,gastronomia,Alojamiento y gastronomía,La Paz,F,36,True,8,True,False,1987.07,62.6,2,64.0,18.38,313.27,83.44,62.75,21693.7,316.1,0.0,106.6,2148.15,False,ninguno,0.0,0.0,0.0,False,83200,35250,46700,40000,1700,2900,0,1350,0,0,750
F217,gastronomia,Alojamiento y gastronomía,Santa Cruz,F,37,True,4,True,False,2277.12,60.5,1,42.1,15.5,214.04,254.03,48.09,66048.76,329.94,0.0,6.85,3329.76,False,ninguno,0.0,0.0,0.0,False,104000,45650,53350,46350,2900,0,0,2950,0,0,1150
F218,gastronomia,Alojamiento y gastronomía,Santa Cruz,F,31,True,3,False,False,1491.02,65.1,3,88.0,14.01,288.79,201.61,45.03,52417.86,170.89,0.0,42.43,643.95,True,prestamista_informal,2390.99,0.1192,88.81,True,0,0,0,0,0,0,0,0,0,0,0
F219,gastronomia,Alojamiento y gastronomía,La Paz,F,31,False,9,False,False,531.29,64.1,3,104.7,16.55,375.83,65.15,14.81,16938.03,62.08,0.0,9.29,745.47,True,proveedor,4118.69,0.0464,105.17,False,23400,9750,12350,9550,500,0,1800,500,0,0,0
F220,gastronomia,Alojamiento y gastronomía,Santa Cruz,F,53,False,15,True,False,1244.35,69.0,3,128.8,13.17,350.55,187.35,14.48,48712.03,175.96,0.0,17.51,1831.05,True,prestamista_informal,4448.79,0.0963,148.05,True,0,0,0,0,0,0,0,0,0,0,0
F221,gastronomia,Alojamiento y gastronomía,Cochabamba,F,62,True,25,True,False,1469.84,59.0,2,76.3,12.64,230.29,73.36,13.01,19073.18,191.52,0.0,54.54,1778.89,True,IFD/cooperativa,14563.35,0.0202,318.52,False,67600,28900,34700,23750,1500,2250,5100,1550,0,0,550
F222,gastronomia,Alojamiento y gastronomía,Cochabamba,F,38,True,8,True,False,681.23,61.4,5,146.2,12.16,339.85,97.82,17.57,25432.55,90.94,0.0,12.37,587.48,False,ninguno,0.0,0.0,0.0,False,31200,15200,16400,11450,700,1000,2400,850,0,0,0
F223,gastronomia,Alojamiento y gastronomía,Santa Cruz,F,38,False,4,True,False,2490.97,63.1,3,76.4,17.38,326.18,153.14,47.52,39817.44,358.3,0.0,119.63,1485.05,False,ninguno,0.0,0.0,0.0,False,104000,39450,66850,49900,2950,0,8900,2900,0,1050,1150
F224,gastronomia,Alojamiento y gastronomía,La Paz,F,38,True,3,True,False,811.94,72.4,1,44.3,11.29,177.32,83.58,18.87,21730.95,127.77,0.0,14.62,804.16,False,ninguno,0.0,0.0,0.0,True,0,0,0,0,0,0,0,0,0,0,0
F225,gastronomia,Alojamiento y gastronomía,Santa Cruz,F,31,True,3,False,False,1269.11,56.1,1,45.5,13.39,183.1,71.95,11.5,18705.84,141.1,0.0,47.85,1161.88,False,ninguno,0.0,0.0,0.0,True,0,0,0,0,0,0,0,0,0,0,0
F226,gastronomia,Alojamiento y gastronomía,La Paz,F,60,True,2,True,False,4046.08,60.1,2,84.5,11.2,218.0,416.84,91.04,108378.77,511.54,0.0,133.0,4717.51,False,ninguno,0.0,0.0,0.0,False,156000,47900,111900,80400,3350,5550,14400,5450,0,1200,1550
F227,gastronomia,Alojamiento y gastronomía,Cochabamba,F,41,False,17,False,False,1505.91,63.7,5,185.7,17.04,572.08,175.95,19.41,45746.53,193.44,0.0,43.68,1317.4,False,ninguno,0.0,0.0,0.0,True,0,0,0,0,0,0,0,0,0,0,0
F228,gastronomia,Alojamiento y gastronomía,La Paz,F,40,False,9,True,False,2463.22,55.6,0,0.0,13.13,98.28,319.34,30.61,83028.34,403.39,0.0,49.29,2903.13,True,IFD/cooperativa,4547.04,0.0189,98.65,False,104000,47900,51450,39100,1950,0,7950,1750,0,700,0
F229,gastronomia,Alojamiento y gastronomía,Santa Cruz,F,40,True,2,True,False,1720.53,66.5,2,78.5,17.41,339.87,245.59,31.19,63854.52,235.23,0.0,48.0,565.07,True,prestamista_informal,12684.25,0.1381,513.19,True,0,0,0,0,0,0,0,0,0,0,0
F230,gastronomia,Alojamiento y gastronomía,Santa Cruz,F,34,True,1,False,False,1483.95,65.5,2,89.3,17.36,361.62,102.53,28.33,26658.07,205.0,0.0,70.98,1037.18,False,ninguno,0.0,0.0,0.0,True,0,0,0,0,0,0,0,0,0,0,0
F231,gastronomia,Alojamiento y gastronomía,Tarija,F,46,False,4,True,False,2785.62,63.7,1,33.6,18.21,238.67,375.34,25.93,97587.4,323.09,0.0,36.26,2364.45,False,ninguno,0.0,0.0,0.0,False,130000,56800,76150,55150,2500,4300,9950,2850,0,0,1400
F232,gastronomia,Alojamiento y gastronomía,Cochabamba,F,18,False,3,False,False,1427.47,67.1,0,0.0,12.18,109.93,85.05,42.8,22113.39,193.14,0.0,66.19,961.64,True,prestamista_informal,2133.1,0.1032,73.42,False,67600,25850,41600,27600,1750,2000,4700,1400,3150,300,700
F233,gastronomia,Alojamiento y gastronomía,La Paz,F,48,False,1,True,False,1054.5,57.1,0,0.0,15.91,122.28,34.36,22.83,8933.67,140.59,0.0,39.0,892.7,True,prestamista_informal,19516.98,0.0508,510.98,True,0,0,0,0,0,0,0,0,0,0,0
F234,gastronomia,Alojamiento y gastronomía,Tarija,F,51,False,1,True,False,1232.91,67.8,3,95.5,15.68,344.57,172.25,24.79,44785.88,147.3,0.0,12.55,1815.5,True,familiar,15549.88,0.0,299.27,True,0,0,0,0,0,0,0,0,0,0,0
F235,gastronomia,Alojamiento y gastronomía,La Paz,F,28,False,6,True,False,1673.05,64.1,4,158.0,15.67,468.49,178.52,40.69,46415.76,155.26,0.0,35.61,1617.22,False,ninguno,0.0,0.0,0.0,True,0,0,0,0,0,0,0,0,0,0,0
F236,gastronomia,Alojamiento y gastronomía,La Paz,F,35,False,5,False,False,1682.97,63.5,1,30.5,13.68,173.11,235.09,18.62,61123.7,246.77,0.0,45.45,1518.31,False,ninguno,0.0,0.0,0.0,False,67600,27750,40000,26850,2200,2600,5650,1850,0,0,850
F237,gastronomia,Alojamiento y gastronomía,Tarija,F,39,False,8,True,False,1452.84,72.7,4,104.7,12.72,303.89,73.73,27.49,19169.39,134.28,0.0,29.9,787.7,False,ninguno,0.0,0.0,0.0,False,62400,21750,37450,27850,1450,1950,4700,1150,0,350,0
F238,gastronomia,Alojamiento y gastronomía,La Paz,F,37,False,1,True,True,1415.65,62.1,1,25.0,13.6,159.46,141.74,36.07,36851.16,197.74,0.0,39.26,609.38,False,ninguno,0.0,0.0,0.0,False,67600,30350,39550,29050,1450,2050,4850,1250,0,350,550
F239,gastronomia,Alojamiento y gastronomía,Cochabamba,F,52,False,2,False,False,1412.07,71.0,3,115.5,16.96,425.92,98.57,38.54,25628.27,175.54,0.0,50.2,1924.5,False,ninguno,0.0,0.0,0.0,False,57200,21350,34150,26150,1700,0,4700,1250,0,350,0
F240,gastronomia,Alojamiento y gastronomía,Santa Cruz,F,51,False,6,True,False,1430.83,66.9,3,118.6,18.2,454.23,168.49,33.49,43806.2,224.15,0.0,44.21,2089.71,True,prestamista_informal,5436.71,0.1049,188.68,False,67600,31600,35500,25600,1350,1950,5150,1100,0,350,0
F241,gastronomia,Alojamiento y gastronomía,Cochabamba,F,45,False,4,True,True,3126.72,59.1,4,162.4,13.5,402.55,462.26,75.84,120187.93,408.44,0.0,3.88,3180.79,False,ninguno,0.0,0.0,0.0,True,0,0,0,0,0,0,0,0,0,0,0
F242,gastronomia,Alojamiento y gastronomía,Cochabamba,M,28,False,7,True,False,2443.02,72.8,3,124.6,11.35,301.71,192.85,20.6,50141.34,375.02,0.0,97.4,2281.66,False,ninguno,0.0,0.0,0.0,False,93600,38050,58850,46950,2250,0,8050,1600,0,0,0
F243,gastronomia,Alojamiento y gastronomía,Santa Cruz,F,37,True,5,True,False,1615.57,67.5,0,0.0,16.95,153.94,171.42,49.68,44569.9,252.38,0.0,0.08,2281.04,True,IFD/cooperativa,22318.06,0.0167,477.45,True,0,0,0,0,0,0,0,0,0,0,0
F244,gastronomia,Alojamiento y gastronomía,Tarija,F,54,False,4,False,True,2677.36,72.0,0,0.0,15.69,151.97,250.44,49.93,65114.28,295.18,0.0,101.21,1351.11,True,prestamista_informal,2728.31,0.0883,87.23,True,0,0,0,0,0,0,0,0,0,0,0
F245,gastronomia,Alojamiento y gastronomía,Cochabamba,F,24,False,2,True,False,1564.48,64.3,2,89.1,17.53,362.0,89.93,46.22,23381.98,173.89,0.0,32.25,1961.71,False,ninguno,0.0,0.0,0.0,False,72800,29000,41150,30300,1450,2100,5250,2050,0,0,0
F246,gastronomia,Alojamiento y gastronomía,La Paz,F,38,True,7,False,False,1606.82,73.9,4,130.1,16.56,454.83,162.54,22.81,42260.68,149.29,0.0,14.13,1738.94,True,prestamista_informal,6710.91,0.0647,189.69,True,0,0,0,0,0,0,0,0,0,0,0
F247,gastronomia,Alojamiento y gastronomía,Santa Cruz,F,57,True,6,False,False,3392.22,57.8,1,38.7,12.02,156.19,459.78,48.39,119542.79,377.31,0.0,59.5,3913.44,False,ninguno,0.0,0.0,0.0,False,156000,70300,84950,66050,2800,0,11850,4250,0,0,0
F248,gastronomia,Alojamiento y gastronomía,La Paz,M,47,False,9,True,False,785.58,64.0,4,114.5,15.28,367.34,116.46,7.03,30280.17,80.76,0.0,4.68,710.56,False,ninguno,0.0,0.0,0.0,False,36400,17950,18850,13550,600,1200,2850,650,0,0,0
F249,gastronomia,Alojamiento y gastronomía,Cochabamba,F,38,False,12,False,False,1254.41,64.9,2,86.1,16.68,338.95,140.31,32.43,36481.89,160.58,0.0,15.22,939.76,False,ninguno,0.0,0.0,0.0,True,0,0,0,0,0,0,0,0,0,0,0
F250,gastronomia,Alojamiento y gastronomía,La Paz,F,37,False,1,True,False,1506.41,67.0,1,39.0,16.77,239.2,161.92,23.1,42100.36,191.43,0.0,52.73,805.6,False,ninguno,0.0,0.0,0.0,True,0,0,0,0,0,0,0,0,0,0,0
F251,gastronomia,Alojamiento y gastronomía,Cochabamba,F,49,False,1,False,False,2498.06,67.5,3,117.8,17.62,439.48,135.85,50.28,35321.38,407.04,0.0,43.17,3708.71,True,proveedor,11977.92,0.0309,279.46,True,0,0,0,0,0,0,0,0,0,0,0
F252,gastronomia,Alojamiento y gastronomía,La Paz,F,41,False,6,True,True,611.83,69.1,0,0.0,18.14,168.84,59.32,17.89,15422.15,56.22,0.0,8.82,584.92,False,ninguno,0.0,0.0,0.0,True,0,0,0,0,0,0,0,0,0,0,0
F253,gastronomia,Alojamiento y gastronomía,Santa Cruz,M,50,False,5,False,False,1786.58,58.3,0,0.0,18.54,145.59,107.62,56.14,27980.84,253.45,0.0,67.14,2245.54,True,proveedor,7760.33,0.0226,172.16,False,72800,30200,41500,30900,1650,0,5650,2600,0,700,0
F254,gastronomia,Alojamiento y gastronomía,Cochabamba,M,36,False,7,False,False,1113.39,58.6,3,76.5,11.21,203.91,142.11,20.38,36949.24,108.84,0.0,15.03,1576.88,True,familiar,3976.62,0.0,76.53,True,0,0,0,0,0,0,0,0,0,0,0
F255,gastronomia,Alojamiento y gastronomía,Santa Cruz,F,48,True,5,True,True,1724.74,67.8,1,43.4,15.38,230.32,129.74,26.88,33731.69,237.91,0.0,32.4,2334.46,False,ninguno,0.0,0.0,0.0,True,0,0,0,0,0,0,0,0,0,0,0
F256,servicios,Otras actividades de servicios,La Paz,F,36,True,3,True,False,2389.24,46.3,1,8.7,16.28,120.49,242.72,0.0,63106.74,0.0,0.0,0.0,2090.29,False,ninguno,0.0,0.0,0.0,False,104000,83850,19050,11100,3300,2400,0,1050,0,0,1200
F257,servicios,Otras actividades de servicios,La Paz,F,51,False,4,True,False,1265.37,41.7,0,0.0,17.37,97.52,97.95,0.0,25466.73,0.0,0.0,0.0,1213.86,False,ninguno,0.0,0.0,0.0,True,0,0,0,0,0,0,0,0,0,0,0
F258,servicios,Otras actividades de servicios,Cochabamba,F,29,True,4,False,False,335.68,45.4,2,17.1,13.54,113.83,47.44,0.0,12334.04,0.0,0.0,0.0,308.3,False,ninguno,0.0,0.0,0.0,True,0,0,0,0,0,0,0,0,0,0,0
F259,servicios,Otras actividades de servicios,La Paz,M,52,False,32,True,False,1762.79,50.3,1,12.3,14.69,123.65,74.89,0.0,19470.13,0.0,0.0,0.0,733.02,False,ninguno,0.0,0.0,0.0,True,0,0,0,0,0,0,0,0,0,0,0
F260,servicios,Otras actividades de servicios,Cochabamba,M,46,False,14,False,False,1597.34,50.1,1,7.1,14.46,111.34,231.77,0.0,60261.34,0.0,0.0,0.0,650.79,False,ninguno,0.0,0.0,0.0,True,0,0,0,0,0,0,0,0,0,0,0
F261,servicios,Otras actividades de servicios,La Paz,M,54,False,5,False,False,1279.46,46.1,0,0.0,14.91,92.58,142.34,0.0,37007.75,0.0,0.0,0.0,752.21,False,ninguno,0.0,0.0,0.0,False,57200,35650,15700,7500,2300,0,5150,750,0,0,0
F262,servicios,Otras actividades de servicios,Santa Cruz,M,22,True,2,True,False,701.57,48.3,0,0.0,13.16,85.56,73.23,0.0,19039.48,0.0,0.0,0.0,567.89,True,prestamista_informal,13572.84,0.0887,434.95,False,36400,5800,30850,3650,1400,700,2600,250,22250,0,0
F263,servicios,Otras actividades de servicios,La Paz,M,60,False,9,True,False,1007.58,51.3,0,0.0,14.54,100.51,33.98,0.0,8836.08,0.0,0.0,0.0,946.15,False,ninguno,0.0,0.0,0.0,False,46800,35000,12400,5400,1850,950,3600,600,0,0,0
F264,servicios,Otras actividades de servicios,Cochabamba,F,61,True,5,True,False,663.42,42.4,0,0.0,14.11,80.54,35.87,0.0,9326.68,0.0,0.0,0.0,235.28,True,prestamista_informal,9857.55,0.0672,282.42,False,31200,19500,8600,3750,950,700,2500,500,0,200,0
F265,servicios,Otras actividades de servicios,Cochabamba,F,35,False,6,True,False,2112.77,45.1,0,0.0,17.9,108.69,242.63,0.0,63084.0,0.0,0.0,0.0,2898.83,False,ninguno,0.0,0.0,0.0,True,0,0,0,0,0,0,0,0,0,0,0
F266,servicios,Otras actividades de servicios,Santa Cruz,F,40,False,1,True,False,947.21,50.2,1,9.2,10.98,87.69,134.79,0.0,35044.58,0.0,0.0,0.0,1399.42,False,ninguno,0.0,0.0,0.0,True,0,0,0,0,0,0,0,0,0,0,0
F267,servicios,Otras actividades de servicios,La Paz,F,18,False,1,False,False,1598.49,42.9,2,18.5,18.32,151.31,158.27,0.0,41149.37,0.0,0.0,0.0,2054.74,False,ninguno,0.0,0.0,0.0,False,78000,71000,13250,7750,3100,1550,0,850,0,0,0
F268,servicios,Otras actividades de servicios,Tarija,F,43,False,2,False,False,361.53,46.6,1,11.1,16.85,130.93,40.84,0.0,10619.5,0.0,0.0,0.0,474.86,False,ninguno,0.0,0.0,0.0,False,15600,11300,2500,1650,600,0,0,250,0,0,0
F269,servicios,Otras actividades de servicios,Cochabamba,M,43,False,2,False,False,1843.71,54.5,0,0.0,13.96,102.37,57.31,0.0,14901.78,0.0,0.0,0.0,621.53,False,ninguno,0.0,0.0,0.0,True,0,0,0,0,0,0,0,0,0,0,0
F270,servicios,Otras actividades de servicios,La Paz,M,45,False,12,True,False,1748.09,44.0,0,0.0,11.24,66.59,204.45,0.0,53156.17,0.0,0.0,0.0,973.87,False,ninguno,0.0,0.0,0.0,False,83200,65550,13600,8000,3150,1800,0,650,0,0,0
F271,servicios,Otras actividades de servicios,La Paz,M,36,False,10,True,False,1208.94,44.6,4,38.8,17.87,200.79,106.83,0.0,27776.41,0.0,0.0,0.0,397.22,False,ninguno,0.0,0.0,0.0,False,57200,37200,14800,6000,2000,1100,4600,500,0,0,600
F272,servicios,Otras actividades de servicios,La Paz,F,52,False,9,True,True,1485.14,52.0,0,0.0,12.84,89.91,138.82,0.0,36093.72,0.0,0.0,0.0,933.3,True,familiar,1618.64,0.0,31.15,False,62400,41450,19200,6950,3100,1350,6050,550,0,500,700
F273,servicios,Otras actividades de servicios,Cochabamba,F,38,False,1,True,False,1213.36,48.1,0,0.0,17.59,113.91,51.05,0.0,13273.88,0.0,0.0,0.0,1690.24,False,ninguno,0.0,0.0,0.0,False,52000,32750,14800,6500,1900,0,4950,850,0,0,600
F274,servicios,Otras actividades de servicios,Cochabamba,F,34,False,16,False,False,893.15,40.9,1,12.9,16.57,119.81,58.39,0.0,15182.45,0.0,0.0,0.0,323.91,False,ninguno,0.0,0.0,0.0,True,0,0,0,0,0,0,0,0,0,0,0
F275,servicios,Otras actividades de servicios,Santa Cruz,M,26,False,7,True,False,492.43,45.0,0,0.0,12.73,77.22,57.98,0.0,15075.16,0.0,0.0,0.0,371.65,False,ninguno,0.0,0.0,0.0,False,23400,18550,5450,2550,750,0,1900,250,0,0,0
F276,servicios,Otras actividades de servicios,La Paz,M,36,False,3,True,False,646.92,44.0,1,9.0,18.64,133.12,48.1,0.0,12507.09,0.0,0.0,0.0,217.84,False,ninguno,0.0,0.0,0.0,False,31200,25900,5150,3100,1150,600,0,300,0,0,0
F277,servicios,Otras actividades de servicios,Santa Cruz,F,48,False,7,False,False,1048.4,49.5,0,0.0,13.04,86.9,136.05,0.0,35372.16,0.0,0.0,0.0,1218.78,True,prestamista_informal,1865.89,0.1193,69.35,True,0,0,0,0,0,0,0,0,0,0,0
F278,servicios,Otras actividades de servicios,Cochabamba,F,34,True,1,True,False,694.24,47.8,0,0.0,17.39,111.81,64.7,0.0,16821.43,0.0,0.0,0.0,372.28,True,proveedor,2932.47,0.0374,71.09,False,31200,23450,8300,3700,950,650,2800,200,0,0,0
F279,servicios,Otras actividades de servicios,Santa Cruz,F,18,False,3,False,True,345.22,54.8,1,7.2,13.61,113.46,38.16,0.0,9922.81,0.0,0.0,0.0,397.07,False,ninguno,0.0,0.0,0.0,True,0,0,0,0,0,0,0,0,0,0,0
F280,servicios,Otras actividades de servicios,La Paz,M,38,False,5,True,False,744.73,49.2,0,0.0,18.75,124.22,58.06,0.0,15095.99,0.0,0.0,0.0,496.05,False,ninguno,0.0,0.0,0.0,False,36400,23700,9650,4000,1600,700,3000,350,0,0,0
F281,servicios,Otras actividades de servicios,La Paz,M,60,False,9,True,False,2308.53,50.2,0,0.0,17.57,118.68,335.2,0.0,87152.72,0.0,0.0,0.0,2287.99,False,ninguno,0.0,0.0,0.0,True,0,0,0,0,0,0,0,0,0,0,0
F282,servicios,Otras actividades de servicios,Cochabamba,F,47,True,9,False,False,1289.88,43.9,1,9.2,16.54,118.15,50.8,0.0,13208.48,0.0,0.0,0.0,1182.05,True,prestamista_informal,724.47,0.0729,21.39,True,0,0,0,0,0,0,0,0,0,0,0
F283,servicios,Otras actividades de servicios,La Paz,F,43,False,4,False,False,265.34,42.3,1,8.6,16.56,113.43,37.12,0.0,9651.75,0.0,0.0,0.0,305.72,True,prestamista_informal,3495.11,0.0756,104.7,False,13000,8600,2900,1500,350,0,950,100,0,0,0
F284,servicios,Otras actividades de servicios,La Paz,M,66,False,8,True,False,1313.74,54.1,2,25.3,18.66,199.66,104.83,0.0,27256.31,0.0,0.0,0.0,1444.27,False,ninguno,0.0,0.0,0.0,False,62400,50700,15200,5950,2750,1200,4750,550,0,0,0
F285,servicios,Otras actividades de servicios,La Paz,F,29,False,6,True,False,1415.37,54.7,1,9.2,10.93,93.97,189.89,0.0,49371.85,0.0,0.0,0.0,833.84,False,ninguno,0.0,0.0,0.0,False,62400,44600,17700,7550,2100,1450,5350,750,0,500,0
F286,admin,Servicios administrativos,Cochabamba,F,38,False,1,False,False,102.06,39.4,1,7.6,17.79,112.4,8.53,0.0,2218.92,0.0,0.0,0.0,86.68,False,ninguno,0.0,0.0,0.0,True,0,0,0,0,0,0,0,0,0,0,0
F287,admin,Servicios administrativos,Cochabamba,M,32,False,5,False,False,551.78,50.9,0,0.0,15.63,107.08,78.7,0.0,20462.38,0.0,0.0,0.0,367.24,False,ninguno,0.0,0.0,0.0,False,26000,20150,3150,1100,1600,0,0,300,0,150,0
F288,admin,Servicios administrativos,Tarija,F,31,False,1,True,False,363.53,46.6,0,0.0,15.63,97.99,33.05,0.0,8593.08,0.0,0.0,0.0,163.99,True,familiar,20068.37,0.0,386.23,False,15600,13300,3500,750,800,0,1700,250,0,0,0
F289,admin,Servicios administrativos,La Paz,M,34,True,2,False,False,920.73,41.8,1,8.5,13.33,90.18,50.89,0.0,13230.56,0.0,0.0,0.0,563.68,True,familiar,2210.86,0.0,42.55,False,36400,23350,10400,2250,2700,0,4300,850,0,300,0
F290,admin,Servicios administrativos,La Paz,F,32,False,2,True,False,326.33,49.1,1,7.6,15.44,117.79,36.14,0.0,9395.54,0.0,0.0,0.0,115.2,False,ninguno,0.0,0.0,0.0,True,0,0,0,0,0,0,0,0,0,0,0
F291,admin,Servicios administrativos,Tarija,F,56,False,18,True,False,1737.25,45.3,0,0.0,18.16,110.67,108.13,0.0,28113.55,0.0,0.0,0.0,1821.85,True,IFD/cooperativa,4071.34,0.0201,88.98,False,72800,60150,17800,3450,4500,0,8200,1050,0,600,0
F292,admin,Servicios administrativos,Cochabamba,F,33,False,4,False,False,771.05,46.7,0,0.0,15.32,96.33,30.89,0.0,8031.48,0.0,0.0,0.0,593.94,False,ninguno,0.0,0.0,0.0,False,36400,29900,7950,1400,2050,0,3950,550,0,0,0
F293,admin,Servicios administrativos,Cochabamba,M,46,True,10,True,False,691.16,51.5,0,0.0,15.76,109.26,74.41,0.0,19346.76,0.0,0.0,0.0,456.37,True,IFD/cooperativa,15566.36,0.0152,330.04,True,0,0,0,0,0,0,0,0,0,0,0
F294,admin,Servicios administrativos,Santa Cruz,F,30,False,7,False,False,1637.23,46.0,0,0.0,17.55,108.7,63.06,0.0,16394.34,0.0,0.0,0.0,1101.36,False,ninguno,0.0,0.0,0.0,True,0,0,0,0,0,0,0,0,0,0,0
F295,admin,Servicios administrativos,La Paz,F,47,True,1,False,True,799.9,50.7,0,0.0,16.38,111.88,89.15,0.0,23179.46,0.0,0.0,0.0,597.89,True,proveedor,1459.55,0.0233,32.52,True,0,0,0,0,0,0,0,0,0,0,0
F296,admin,Servicios administrativos,Cochabamba,F,51,True,3,False,False,807.84,48.6,0,0.0,17.12,112.04,64.1,0.0,16665.01,0.0,0.0,0.0,792.39,True,familiar,3341.38,0.0,64.31,True,0,0,0,0,0,0,0,0,0,0,0
F297,admin,Servicios administrativos,Santa Cruz,M,27,False,2,True,False,1441.68,44.8,0,0.0,18.89,113.98,174.1,0.0,45267.15,0.0,0.0,0.0,1688.74,False,ninguno,0.0,0.0,0.0,True,0,0,0,0,0,0,0,0,0,0,0
F298,admin,Servicios administrativos,La Paz,M,29,False,9,False,False,235.71,39.7,0,0.0,14.19,75.8,18.66,0.0,4852.63,0.0,0.0,0.0,329.51,False,ninguno,0.0,0.0,0.0,True,0,0,0,0,0,0,0,0,0,0,0
F299,admin,Servicios administrativos,La Paz,M,42,False,7,True,False,349.1,38.3,0,0.0,16.68,85.94,39.69,0.0,10318.26,0.0,0.0,0.0,269.41,False,ninguno,0.0,0.0,0.0,False,15600,12650,3800,650,1100,0,1700,350,0,0,0
F300,admin,Servicios administrativos,Cochabamba,F,49,False,5,False,False,800.3,44.0,0,0.0,15.36,91.07,110.35,0.0,28691.33,0.0,0.0,0.0,300.95,False,ninguno,0.0,0.0,0.0,False,31200,20050,9000,1800,2350,0,4050,450,0,0,350
